-- MySQL dump 10.13  Distrib 8.0.39, for Win64 (x86_64)
--
-- Host: 127.0.0.1    Database: online_exam_system
-- ------------------------------------------------------
-- Server version	8.0.39

/*!40101 SET @OLD_CHARACTER_SET_CLIENT=@@CHARACTER_SET_CLIENT */;
/*!40101 SET @OLD_CHARACTER_SET_RESULTS=@@CHARACTER_SET_RESULTS */;
/*!40101 SET @OLD_COLLATION_CONNECTION=@@COLLATION_CONNECTION */;
/*!50503 SET NAMES utf8mb4 */;
/*!40103 SET @OLD_TIME_ZONE=@@TIME_ZONE */;
/*!40103 SET TIME_ZONE='+00:00' */;
/*!40014 SET @OLD_UNIQUE_CHECKS=@@UNIQUE_CHECKS, UNIQUE_CHECKS=0 */;
/*!40014 SET @OLD_FOREIGN_KEY_CHECKS=@@FOREIGN_KEY_CHECKS, FOREIGN_KEY_CHECKS=0 */;
/*!40101 SET @OLD_SQL_MODE=@@SQL_MODE, SQL_MODE='NO_AUTO_VALUE_ON_ZERO' */;
/*!40111 SET @OLD_SQL_NOTES=@@SQL_NOTES, SQL_NOTES=0 */;

CREATE DATABASE online_exam_system;
USE online_exam_system;
--
-- Table structure for table `course_selections`
--

DROP TABLE IF EXISTS `course_selections`;
/*!40101 SET @saved_cs_client     = @@character_set_client */;
/*!50503 SET character_set_client = utf8mb4 */;
CREATE TABLE `course_selections` (
  `id` bigint NOT NULL AUTO_INCREMENT,
  `student_id` bigint NOT NULL,
  `course_id` bigint NOT NULL,
  `selection_time` datetime DEFAULT CURRENT_TIMESTAMP,
  PRIMARY KEY (`id`),
  KEY `course_selections_ibfk_1` (`student_id`),
  KEY `course_selections_ibfk_2` (`course_id`),
  CONSTRAINT `course_selections_ibfk_1` FOREIGN KEY (`student_id`) REFERENCES `users` (`id`) ON DELETE CASCADE,
  CONSTRAINT `course_selections_ibfk_2` FOREIGN KEY (`course_id`) REFERENCES `courses` (`id`) ON DELETE CASCADE
) ENGINE=InnoDB AUTO_INCREMENT=111 DEFAULT CHARSET=utf8mb4 COLLATE=utf8mb4_general_ci;
/*!40101 SET character_set_client = @saved_cs_client */;

--
-- Dumping data for table `course_selections`
--

LOCK TABLES `course_selections` WRITE;
/*!40000 ALTER TABLE `course_selections` DISABLE KEYS */;
INSERT INTO `course_selections` VALUES (28,12,11,'2024-12-15 20:32:35'),(29,12,12,'2024-12-15 20:32:35'),(30,12,15,'2024-12-15 20:32:35'),(31,13,14,'2024-12-15 20:32:35'),(32,13,16,'2024-12-15 20:32:35'),(33,14,17,'2024-12-15 20:32:35'),(34,15,19,'2024-12-15 20:32:35'),(35,15,21,'2024-12-15 20:32:35'),(36,15,23,'2024-12-15 20:32:35'),(37,16,18,'2024-12-15 20:32:35'),(38,17,20,'2024-12-15 20:32:35'),(39,17,24,'2024-12-15 20:32:35'),(40,17,25,'2024-12-15 20:32:35'),(41,18,26,'2024-12-15 20:32:35'),(42,18,27,'2024-12-15 20:32:35'),(43,19,28,'2024-12-15 20:32:35'),(44,20,29,'2024-12-15 20:32:35'),(45,20,31,'2024-12-15 20:32:35'),(46,21,32,'2024-12-15 20:32:35'),(47,21,34,'2024-12-15 20:32:35'),(48,21,35,'2024-12-15 20:32:35'),(49,22,36,'2024-12-15 20:32:35'),(50,23,37,'2024-12-15 20:32:35'),(51,23,39,'2024-12-15 20:32:35'),(52,24,40,'2024-12-15 20:32:35'),(53,25,11,'2024-12-15 20:32:35'),(54,25,13,'2024-12-15 20:32:35'),(55,26,12,'2024-12-15 20:32:35'),(56,26,14,'2024-12-15 20:32:35'),(57,26,16,'2024-12-15 20:32:35'),(58,27,18,'2024-12-15 20:32:35'),(59,27,20,'2024-12-15 20:32:35'),(60,28,22,'2024-12-15 20:32:35'),(61,28,24,'2024-12-15 20:32:35'),(62,29,23,'2024-12-15 20:32:35'),(63,29,25,'2024-12-15 20:32:35'),(64,30,26,'2024-12-15 20:32:35'),(65,31,27,'2024-12-15 20:32:35'),(66,31,28,'2024-12-15 20:32:35'),(67,32,29,'2024-12-15 20:32:35'),(68,33,30,'2024-12-15 20:32:35'),(69,33,32,'2024-12-15 20:32:35'),(70,34,31,'2024-12-15 20:32:35'),(71,35,33,'2024-12-15 20:32:35'),(72,36,34,'2024-12-15 20:32:35'),(73,36,35,'2024-12-15 20:32:35'),(74,37,36,'2024-12-15 20:32:35'),(75,38,37,'2024-12-15 20:32:35'),(76,39,38,'2024-12-15 20:32:35'),(77,39,40,'2024-12-15 20:32:35'),(78,40,11,'2024-12-15 20:32:35'),(79,40,12,'2024-12-15 20:32:35'),(80,41,13,'2024-12-15 20:32:35'),(81,42,14,'2024-12-15 20:32:35'),(82,42,16,'2024-12-15 20:32:35'),(83,43,15,'2024-12-15 20:32:35'),(84,44,17,'2024-12-15 20:32:35'),(85,44,19,'2024-12-15 20:32:35'),(86,45,18,'2024-12-15 20:32:35'),(87,45,20,'2024-12-15 20:32:35'),(88,46,21,'2024-12-15 20:32:35'),(89,47,22,'2024-12-15 20:32:35'),(90,47,24,'2024-12-15 20:32:35'),(91,48,23,'2024-12-15 20:32:35'),(92,49,25,'2024-12-15 20:32:35'),(93,49,27,'2024-12-15 20:32:35'),(94,50,28,'2024-12-15 20:32:35'),(95,51,29,'2024-12-15 20:32:35'),(96,51,30,'2024-12-15 20:32:35'),(97,52,31,'2024-12-15 20:32:35'),(98,53,32,'2024-12-15 20:32:35'),(99,54,33,'2024-12-15 20:32:35'),(100,55,34,'2024-12-15 20:32:35'),(101,55,36,'2024-12-15 20:32:35'),(102,56,37,'2024-12-15 20:32:35'),(103,57,38,'2024-12-15 20:32:35'),(104,58,39,'2024-12-15 20:32:35'),(105,59,40,'2024-12-15 20:32:35'),(106,60,11,'2024-12-15 20:32:35'),(107,60,13,'2024-12-15 20:32:35'),(108,61,14,'2024-12-15 20:32:35'),(109,61,15,'2024-12-15 20:32:35'),(110,61,16,'2024-12-15 20:32:35');
/*!40000 ALTER TABLE `course_selections` ENABLE KEYS */;
UNLOCK TABLES;

--
-- Table structure for table `courses`
--

DROP TABLE IF EXISTS `courses`;
/*!40101 SET @saved_cs_client     = @@character_set_client */;
/*!50503 SET character_set_client = utf8mb4 */;
CREATE TABLE `courses` (
  `id` bigint NOT NULL AUTO_INCREMENT,
  `course_name` varchar(100) COLLATE utf8mb4_general_ci NOT NULL,
  `teacher_id` bigint NOT NULL,
  `create_time` datetime DEFAULT CURRENT_TIMESTAMP,
  PRIMARY KEY (`id`),
  KEY `courses_ibfk_1` (`teacher_id`),
  CONSTRAINT `courses_ibfk_1` FOREIGN KEY (`teacher_id`) REFERENCES `users` (`id`) ON DELETE CASCADE
) ENGINE=InnoDB AUTO_INCREMENT=41 DEFAULT CHARSET=utf8mb4 COLLATE=utf8mb4_general_ci;
/*!40101 SET character_set_client = @saved_cs_client */;

--
-- Dumping data for table `courses`
--

LOCK TABLES `courses` WRITE;
/*!40000 ALTER TABLE `courses` DISABLE KEYS */;
INSERT INTO `courses` VALUES (11,'高等数学',2,'2024-12-15 20:30:17'),(12,'数据结构与算法',3,'2024-12-15 20:30:17'),(13,'数据库原理',4,'2024-12-15 20:30:17'),(14,'操作系统',5,'2024-12-15 20:30:17'),(15,'计算机网络',6,'2024-12-15 20:30:17'),(16,'离散数学',7,'2024-12-15 20:30:17'),(17,'人工智能基础',8,'2024-12-15 20:30:17'),(18,'计算机图形学',9,'2024-12-15 20:30:17'),(19,'软件工程',10,'2024-12-15 20:30:17'),(20,'软件测试与质量保证',2,'2024-12-15 20:30:17'),(21,'线性代数',3,'2024-12-15 20:30:17'),(22,'机器学习',4,'2024-12-15 20:30:17'),(23,'大数据分析',5,'2024-12-15 20:30:17'),(24,'数字信号处理',6,'2024-12-15 20:30:17'),(25,'面向对象编程',7,'2024-12-15 20:30:17'),(26,'计算机视觉',8,'2024-12-15 20:30:17'),(27,'编译原理',9,'2024-12-15 20:30:17'),(28,'互联网技术',10,'2024-12-15 20:30:17'),(29,'嵌入式系统',2,'2024-12-15 20:30:17'),(30,'数字电路与逻辑设计',3,'2024-12-15 20:30:17'),(31,'云计算与虚拟化技术',4,'2024-12-15 20:30:17'),(32,'网络安全',5,'2024-12-15 20:30:17'),(33,'数据库优化与管理',6,'2024-12-15 20:30:17'),(34,'Web开发技术',7,'2024-12-15 20:30:17'),(35,'移动应用开发',8,'2024-12-15 20:30:17'),(36,'项目管理',9,'2024-12-15 20:30:17'),(37,'数据科学',10,'2024-12-15 20:30:17'),(38,'自然语言处理',2,'2024-12-15 20:30:17'),(39,'区块链技术',3,'2024-12-15 20:30:17'),(40,'分布式系统',4,'2024-12-15 20:30:17');
/*!40000 ALTER TABLE `courses` ENABLE KEYS */;
UNLOCK TABLES;

--
-- Table structure for table `exam_questions`
--

DROP TABLE IF EXISTS `exam_questions`;
/*!40101 SET @saved_cs_client     = @@character_set_client */;
/*!50503 SET character_set_client = utf8mb4 */;
CREATE TABLE `exam_questions` (
  `exam_id` bigint NOT NULL,
  `question_id` bigint NOT NULL,
  PRIMARY KEY (`exam_id`,`question_id`),
  KEY `question_id` (`question_id`),
  CONSTRAINT `exam_questions_ibfk_1` FOREIGN KEY (`exam_id`) REFERENCES `exams` (`id`) ON DELETE CASCADE,
  CONSTRAINT `exam_questions_ibfk_2` FOREIGN KEY (`question_id`) REFERENCES `questions` (`id`) ON DELETE CASCADE
) ENGINE=InnoDB DEFAULT CHARSET=utf8mb4 COLLATE=utf8mb4_general_ci;
/*!40101 SET character_set_client = @saved_cs_client */;

--
-- Dumping data for table `exam_questions`
--

LOCK TABLES `exam_questions` WRITE;
/*!40000 ALTER TABLE `exam_questions` DISABLE KEYS */;
INSERT INTO `exam_questions` VALUES (71,38),(81,38),(71,39),(71,40),(71,41),(81,41),(71,42),(81,42),(71,43),(71,44),(81,44),(71,45),(71,46),(71,47),(72,48),(72,49),(72,50),(72,51),(82,51),(83,51),(84,51),(85,51),(72,52),(72,53),(72,54),(72,55),(72,56),(72,57),(73,58),(81,58),(73,59),(81,59),(73,60),(81,60),(73,61),(73,62),(73,63),(73,64),(73,65),(73,66),(73,67),(74,68),(74,69),(74,70),(74,71),(74,72),(74,73),(74,74),(74,75),(74,76),(74,77),(75,78),(75,79),(75,80),(75,81),(75,82),(75,83),(75,84),(75,85),(75,86),(75,87),(76,88),(76,89),(76,90),(76,91),(76,92),(76,93),(76,94),(76,95),(76,96),(76,97),(77,98),(77,99),(77,100),(77,101),(77,102),(77,103),(77,104),(77,105),(77,106),(77,107),(78,108),(78,109),(78,110),(78,111),(78,112),(78,113),(78,114),(78,115),(78,116),(78,117),(79,118),(79,119),(79,120),(79,121),(79,122),(79,123),(79,124),(79,125),(79,126),(79,127),(80,128),(80,129),(80,130),(80,131),(80,132),(80,133),(80,134),(80,135),(80,136),(80,137);
/*!40000 ALTER TABLE `exam_questions` ENABLE KEYS */;
UNLOCK TABLES;

--
-- Table structure for table `exam_submissions`
--

DROP TABLE IF EXISTS `exam_submissions`;
/*!40101 SET @saved_cs_client     = @@character_set_client */;
/*!50503 SET character_set_client = utf8mb4 */;
CREATE TABLE `exam_submissions` (
  `id` bigint NOT NULL AUTO_INCREMENT,
  `user_id` bigint NOT NULL,
  `exam_id` bigint NOT NULL,
  `answers` json DEFAULT NULL,
  `submit_score` int DEFAULT NULL COMMENT '正确题目数',
  `submit_detail` json DEFAULT NULL,
  `submit_time` datetime NOT NULL DEFAULT CURRENT_TIMESTAMP,
  PRIMARY KEY (`id`),
  KEY `exam_submissions_ibfk_1` (`user_id`),
  KEY `idx_exam_id_user_id` (`exam_id`,`user_id`),
  CONSTRAINT `exam_submissions_ibfk_1` FOREIGN KEY (`user_id`) REFERENCES `users` (`id`) ON DELETE CASCADE,
  CONSTRAINT `exam_submissions_ibfk_2` FOREIGN KEY (`exam_id`) REFERENCES `exams` (`id`) ON DELETE CASCADE
) ENGINE=InnoDB AUTO_INCREMENT=48 DEFAULT CHARSET=utf8mb4 COLLATE=utf8mb4_general_ci;
/*!40101 SET character_set_client = @saved_cs_client */;

--
-- Dumping data for table `exam_submissions`
--

LOCK TABLES `exam_submissions` WRITE;
/*!40000 ALTER TABLE `exam_submissions` DISABLE KEYS */;
INSERT INTO `exam_submissions` VALUES (24,12,75,'{\"78\": \"A\", \"79\": \"B\", \"80\": \"111\", \"81\": \"B\", \"82\": \"A\", \"83\": \"A\", \"84\": \"A\", \"85\": \"A\", \"86\": \"A\", \"87\": \"A\"}',60,'{\"78\": true, \"79\": false, \"80\": false, \"81\": false, \"82\": true, \"83\": true, \"84\": true, \"85\": true, \"86\": false, \"87\": true}','2024-12-15 20:57:54'),(25,12,71,'{\"38\": \"A\", \"39\": \"B\", \"40\": \"C\", \"41\": \"D\", \"42\": \"A\", \"43\": \"B\", \"44\": \"C\", \"45\": \"A\", \"46\": \"D\", \"47\": \"B\"}',8,'{\"38\": true, \"39\": true, \"40\": true, \"41\": false, \"42\": true, \"43\": true, \"44\": true, \"45\": true, \"46\": false, \"47\": true}','2024-12-15 20:57:54'),(26,13,72,'{\"48\": \"A\", \"49\": \"B\", \"50\": \"C\", \"51\": \"A\", \"52\": \"D\", \"53\": \"C\", \"54\": \"B\", \"55\": \"A\", \"56\": \"D\", \"57\": \"B\"}',9,'{\"48\": true, \"49\": true, \"50\": true, \"51\": true, \"52\": false, \"53\": true, \"54\": false, \"55\": true, \"56\": false, \"57\": true}','2024-12-15 21:01:10'),(27,14,73,'{\"58\": \"B\", \"59\": \"A\", \"60\": \"C\", \"61\": \"B\", \"62\": \"D\", \"63\": \"A\", \"64\": \"B\", \"65\": \"D\", \"66\": \"A\", \"67\": \"C\"}',7,'{\"58\": true, \"59\": false, \"60\": true, \"61\": true, \"62\": false, \"63\": true, \"64\": true, \"65\": false, \"66\": true, \"67\": true}','2024-12-15 21:05:22'),(28,15,74,'{\"68\": \"C\", \"69\": \"B\", \"70\": \"A\", \"71\": \"D\", \"72\": \"C\", \"73\": \"A\", \"74\": \"B\", \"75\": \"D\", \"76\": \"A\", \"77\": \"B\"}',6,'{\"68\": true, \"69\": true, \"70\": true, \"71\": false, \"72\": true, \"73\": true, \"74\": false, \"75\": true, \"76\": false, \"77\": true}','2024-12-15 21:09:15'),(29,16,75,'{\"78\": \"A\", \"79\": \"B\", \"80\": \"C\", \"81\": \"A\", \"82\": \"B\", \"83\": \"C\", \"84\": \"D\", \"85\": \"A\", \"86\": \"B\", \"87\": \"C\"}',9,'{\"78\": true, \"79\": true, \"80\": true, \"81\": true, \"82\": true, \"83\": true, \"84\": false, \"85\": true, \"86\": true, \"87\": true}','2024-12-15 21:13:30'),(30,17,76,'{\"88\": \"B\", \"89\": \"A\", \"90\": \"C\", \"91\": \"B\", \"92\": \"A\", \"93\": \"D\", \"94\": \"C\", \"95\": \"B\", \"96\": \"A\", \"97\": \"D\"}',8,'{\"88\": true, \"89\": false, \"90\": true, \"91\": true, \"92\": true, \"93\": false, \"94\": true, \"95\": true, \"96\": true, \"97\": false}','2024-12-15 21:18:02'),(31,18,77,'{\"98\": \"A\", \"99\": \"D\", \"100\": \"B\", \"101\": \"C\", \"102\": \"A\", \"103\": \"C\", \"104\": \"B\", \"105\": \"A\", \"106\": \"D\", \"107\": \"B\"}',7,'{\"98\": true, \"99\": false, \"100\": true, \"101\": true, \"102\": true, \"103\": true, \"104\": false, \"105\": true, \"106\": false, \"107\": true}','2024-12-15 21:22:10'),(32,19,78,'{\"108\": \"C\", \"109\": \"A\", \"110\": \"B\", \"111\": \"C\", \"112\": \"D\", \"113\": \"B\", \"114\": \"A\", \"115\": \"C\", \"116\": \"D\", \"117\": \"B\"}',6,'{\"108\": false, \"109\": true, \"110\": true, \"111\": true, \"112\": true, \"113\": true, \"114\": false, \"115\": true, \"116\": false, \"117\": true}','2024-12-15 21:26:45'),(33,20,79,'{\"118\": \"B\", \"119\": \"A\", \"120\": \"C\", \"121\": \"D\", \"122\": \"B\", \"123\": \"C\", \"124\": \"D\", \"125\": \"A\", \"126\": \"B\", \"127\": \"C\"}',8,'{\"118\": true, \"119\": true, \"120\": true, \"121\": false, \"122\": true, \"123\": false, \"124\": true, \"125\": true, \"126\": true, \"127\": false}','2024-12-15 21:30:15'),(34,21,80,'{\"128\": \"A\", \"129\": \"B\", \"130\": \"C\", \"131\": \"A\", \"132\": \"C\", \"133\": \"B\", \"134\": \"A\", \"135\": \"D\", \"136\": \"B\", \"137\": \"C\"}',9,'{\"128\": true, \"129\": true, \"130\": true, \"131\": true, \"132\": true, \"133\": true, \"134\": false, \"135\": true, \"136\": true, \"137\": true}','2024-12-15 21:34:25'),(35,22,71,'{\"38\": \"B\", \"39\": \"A\", \"40\": \"B\", \"41\": \"C\", \"42\": \"A\", \"43\": \"B\", \"44\": \"C\", \"45\": \"A\", \"46\": \"D\", \"47\": \"B\"}',7,'{\"38\": true, \"39\": false, \"40\": true, \"41\": false, \"42\": true, \"43\": true, \"44\": true, \"45\": true, \"46\": false, \"47\": true}','2024-12-15 21:37:15'),(36,23,72,'{\"48\": \"C\", \"49\": \"B\", \"50\": \"A\", \"51\": \"C\", \"52\": \"D\", \"53\": \"A\", \"54\": \"B\", \"55\": \"C\", \"56\": \"A\", \"57\": \"B\"}',8,'{\"48\": false, \"49\": true, \"50\": true, \"51\": true, \"52\": true, \"53\": true, \"54\": false, \"55\": true, \"56\": true, \"57\": true}','2024-12-15 21:41:00'),(37,24,73,'{\"58\": \"A\", \"59\": \"C\", \"60\": \"B\", \"61\": \"D\", \"62\": \"C\", \"63\": \"B\", \"64\": \"A\", \"65\": \"C\", \"66\": \"D\", \"67\": \"B\"}',6,'{\"58\": true, \"59\": false, \"60\": true, \"61\": false, \"62\": true, \"63\": true, \"64\": true, \"65\": false, \"66\": true, \"67\": false}','2024-12-15 21:44:30'),(38,25,74,'{\"68\": \"D\", \"69\": \"B\", \"70\": \"A\", \"71\": \"C\", \"72\": \"B\", \"73\": \"A\", \"74\": \"C\", \"75\": \"B\", \"76\": \"A\", \"77\": \"C\"}',7,'{\"68\": true, \"69\": false, \"70\": true, \"71\": true, \"72\": false, \"73\": true, \"74\": true, \"75\": true, \"76\": true, \"77\": false}','2024-12-15 21:47:40'),(39,26,75,'{\"78\": \"B\", \"79\": \"C\", \"80\": \"A\", \"81\": \"D\", \"82\": \"B\", \"83\": \"A\", \"84\": \"C\", \"85\": \"D\", \"86\": \"B\", \"87\": \"C\"}',8,'{\"78\": false, \"79\": false, \"80\": true, \"81\": true, \"82\": false, \"83\": true, \"84\": true, \"85\": false, \"86\": true, \"87\": true}','2024-12-15 21:51:10'),(40,27,76,'{\"88\": \"A\", \"89\": \"C\", \"90\": \"B\", \"91\": \"A\", \"92\": \"C\", \"93\": \"B\", \"94\": \"A\", \"95\": \"D\", \"96\": \"C\", \"97\": \"B\"}',9,'{\"88\": true, \"89\": true, \"90\": true, \"91\": true, \"92\": true, \"93\": true, \"94\": false, \"95\": true, \"96\": true, \"97\": true}','2024-12-15 21:55:22'),(41,28,77,'{\"98\": \"A\", \"99\": \"D\", \"100\": \"B\", \"101\": \"A\", \"102\": \"C\", \"103\": \"B\", \"104\": \"A\", \"105\": \"C\", \"106\": \"B\", \"107\": \"D\"}',6,'{\"98\": true, \"99\": false, \"100\": true, \"101\": true, \"102\": true, \"103\": false, \"104\": true, \"105\": false, \"106\": true, \"107\": false}','2024-12-15 21:59:10'),(42,29,78,'{\"108\": \"B\", \"109\": \"C\", \"110\": \"A\", \"111\": \"D\", \"112\": \"B\", \"113\": \"A\", \"114\": \"C\", \"115\": \"D\", \"116\": \"A\", \"117\": \"C\"}',7,'{\"108\": false, \"109\": true, \"110\": true, \"111\": true, \"112\": false, \"113\": true, \"114\": false, \"115\": true, \"116\": false, \"117\": true}','2024-12-15 22:02:45'),(43,30,79,'{\"118\": \"C\", \"119\": \"A\", \"120\": \"B\", \"121\": \"D\", \"122\": \"A\", \"123\": \"B\", \"124\": \"C\", \"125\": \"A\", \"126\": \"B\", \"127\": \"D\"}',8,'{\"118\": true, \"119\": true, \"120\": true, \"121\": false, \"122\": true, \"123\": true, \"124\": true, \"125\": false, \"126\": true, \"127\": false}','2024-12-15 22:06:10'),(44,31,80,'{\"128\": \"A\", \"129\": \"B\", \"130\": \"C\", \"131\": \"A\", \"132\": \"D\", \"133\": \"B\", \"134\": \"A\", \"135\": \"C\", \"136\": \"B\", \"137\": \"A\"}',9,'{\"128\": true, \"129\": true, \"130\": true, \"131\": true, \"132\": false, \"133\": true, \"134\": true, \"135\": true, \"136\": true, \"137\": true}','2024-12-15 22:09:40'),(45,32,71,'{\"38\": \"C\", \"39\": \"B\", \"40\": \"A\", \"41\": \"C\", \"42\": \"D\", \"43\": \"A\", \"44\": \"C\", \"45\": \"B\", \"46\": \"D\", \"47\": \"A\"}',6,'{\"38\": false, \"39\": true, \"40\": true, \"41\": true, \"42\": false, \"43\": true, \"44\": true, \"45\": false, \"46\": false, \"47\": true}','2024-12-15 22:13:30'),(47,12,81,'{\"41\": \"A\", \"42\": \"A\", \"59\": \"A\"}',99,'{\"41\": true, \"42\": true, \"59\": true}','2024-12-23 00:57:28');
/*!40000 ALTER TABLE `exam_submissions` ENABLE KEYS */;
UNLOCK TABLES;

--
-- Table structure for table `exams`
--

DROP TABLE IF EXISTS `exams`;
/*!40101 SET @saved_cs_client     = @@character_set_client */;
/*!50503 SET character_set_client = utf8mb4 */;
CREATE TABLE `exams` (
  `id` bigint NOT NULL AUTO_INCREMENT,
  `title` varchar(100) COLLATE utf8mb4_general_ci NOT NULL,
  `description` text COLLATE utf8mb4_general_ci,
  `start_time` datetime NOT NULL,
  `end_time` datetime NOT NULL,
  `creator_id` bigint NOT NULL,
  `create_time` datetime DEFAULT CURRENT_TIMESTAMP,
  `total_score` int NOT NULL,
  `course_id` bigint NOT NULL,
  PRIMARY KEY (`id`),
  KEY `exams_ibfk_1` (`creator_id`),
  KEY `exams_ibfk_2` (`course_id`),
  CONSTRAINT `exams_ibfk_1` FOREIGN KEY (`creator_id`) REFERENCES `users` (`id`) ON DELETE CASCADE,
  CONSTRAINT `exams_ibfk_2` FOREIGN KEY (`course_id`) REFERENCES `courses` (`id`) ON DELETE CASCADE
) ENGINE=InnoDB AUTO_INCREMENT=121 DEFAULT CHARSET=utf8mb4 COLLATE=utf8mb4_general_ci;
/*!40101 SET character_set_client = @saved_cs_client */;

--
-- Dumping data for table `exams`
--

LOCK TABLES `exams` WRITE;
/*!40000 ALTER TABLE `exams` DISABLE KEYS */;
INSERT INTO `exams` VALUES (71,'高等数学期末考试','这是一场高等数学期末考试，包含选择题、填空题和计算题。','2024-12-20 09:00:00','2024-12-20 12:00:00',2,'2024-12-15 20:52:11',100,11),(72,'数据结构与算法复习考试','数据结构与算法的复习考试，包含题型：选择题、填空题和编程题。','2024-12-21 09:00:00','2024-12-21 12:00:00',3,'2024-12-15 20:52:11',100,12),(73,'操作系统期中考试','操作系统课程的期中考试，考察基本概念和应用。','2024-12-22 09:00:00','2024-12-22 12:00:00',4,'2024-12-15 20:52:11',100,13),(74,'计算机网络期末考试','计算机网络期末考试，涵盖网络协议、传输控制等内容。','2024-12-23 09:00:00','2024-12-23 12:00:00',5,'2024-12-15 20:52:11',100,14),(75,'人工智能基础考试','人工智能基础课程考试，涉及基本概念和应用技术。','2024-12-24 09:00:00','2024-12-24 12:00:00',6,'2024-12-15 20:52:11',100,15),(76,'计算机图形学期末考试','计算机图形学课程期末考试，考察图像处理与图形建模。','2024-12-25 09:00:00','2024-12-25 12:00:00',7,'2024-12-15 20:52:11',100,16),(77,'软件工程期末考试','软件工程课程期末考试，考察项目管理和软件开发流程。','2024-12-26 09:00:00','2024-12-26 12:00:00',8,'2024-12-15 20:52:11',100,17),(78,'大数据分析复习考试','大数据分析课程复习考试，考察数据处理与分析技术。','2024-12-27 09:00:00','2024-12-27 12:00:00',9,'2024-12-15 20:52:11',100,18),(79,'网络安全期中考试','网络安全期中考试，涵盖网络防护和加密技术等内容。','2024-12-28 09:00:00','2024-12-28 12:00:00',10,'2024-12-15 20:52:11',100,19),(80,'Web开发技术考试','Web开发技术课程期末考试，涉及前端和后端技术。','2024-12-29 09:00:00','2024-12-29 12:00:00',11,'2024-12-15 20:52:11',100,20),(81,'计算机综合期末考试','','2024-11-30 16:00:00','2024-12-30 16:00:00',2,'2024-12-16 00:59:50',100,11),(82,'计算机综合期末考试1','','2024-12-05 16:00:00','2024-12-06 16:00:00',2,'2024-12-16 09:10:23',100,11),(83,'计算机综合期末考试2','','2024-12-05 16:00:00','2024-12-06 16:00:00',2,'2024-12-16 09:10:45',100,11),(84,'计算机综合期末考试3','','2024-12-05 16:00:00','2024-12-06 16:00:00',2,'2024-12-16 09:10:55',100,11),(85,'计算机综合期末考试4','','2024-12-05 16:00:00','2024-12-06 16:00:00',2,'2024-12-16 09:11:02',100,11),(86,'计算机综合期末考试6','','2024-12-05 16:00:00','2024-12-06 16:00:00',2,'2024-12-16 09:11:02',100,11),(87,'testNullData','','2024-12-05 16:00:00','2024-12-06 16:00:00',2,'2024-12-16 09:11:02',100,11),(88,'testNullData','','2024-12-05 16:00:00','2024-12-06 16:00:00',2,'2024-12-16 09:11:02',100,11),(89,'testNullData','','2024-12-05 16:00:00','2024-12-06 16:00:00',2,'2024-12-16 09:11:02',100,11),(90,'testNullData','','2024-12-05 16:00:00','2024-12-06 16:00:00',2,'2024-12-16 09:11:02',100,11),(91,'testNullData','','2024-12-05 16:00:00','2024-12-06 16:00:00',2,'2024-12-16 09:11:02',100,11),(92,'testNullData','','2024-12-05 16:00:00','2024-12-06 16:00:00',2,'2024-12-16 09:11:02',100,11),(93,'testNullData','','2024-12-05 16:00:00','2024-12-06 16:00:00',2,'2024-12-16 09:11:02',100,11),(94,'testNullData','','2024-12-05 16:00:00','2024-12-06 16:00:00',2,'2024-12-16 09:11:02',100,11),(95,'testNullData','','2024-12-05 16:00:00','2024-12-06 16:00:00',2,'2024-12-16 09:11:02',100,11),(96,'testNullData','','2024-12-05 16:00:00','2024-12-06 16:00:00',2,'2024-12-16 09:11:02',100,11),(97,'testNullData','','2024-12-05 16:00:00','2024-12-06 16:00:00',2,'2024-12-16 09:11:02',100,11),(98,'testNullData','','2024-12-05 16:00:00','2024-12-06 16:00:00',2,'2024-12-16 09:11:02',100,11),(99,'testNullData','','2024-12-05 16:00:00','2024-12-06 16:00:00',2,'2024-12-16 09:11:02',100,11),(100,'testNullData','','2024-12-05 16:00:00','2024-12-06 16:00:00',2,'2024-12-16 09:11:02',100,11),(101,'testNullData','','2024-12-05 16:00:00','2024-12-06 16:00:00',2,'2024-12-16 09:11:02',100,11),(102,'testNullData','','2024-12-05 16:00:00','2024-12-06 16:00:00',2,'2024-12-16 09:11:02',100,11),(103,'testNullData','','2024-12-05 16:00:00','2024-12-06 16:00:00',2,'2024-12-16 09:11:02',100,11),(104,'testNullData','','2024-12-05 16:00:00','2024-12-06 16:00:00',2,'2024-12-16 09:11:02',100,11),(105,'testNullData','','2024-12-05 16:00:00','2024-12-06 16:00:00',2,'2024-12-16 09:11:02',100,11),(106,'testNullData','','2024-12-05 16:00:00','2024-12-06 16:00:00',2,'2024-12-16 09:11:02',100,11),(107,'testNullData','','2024-12-05 16:00:00','2024-12-06 16:00:00',2,'2024-12-16 09:11:02',100,11),(108,'testNullData','','2024-12-05 16:00:00','2024-12-06 16:00:00',2,'2024-12-16 09:11:02',100,11),(109,'testNullData','','2024-12-05 16:00:00','2024-12-06 16:00:00',2,'2024-12-16 09:11:02',100,11),(110,'testNullData','','2024-12-05 16:00:00','2024-12-06 16:00:00',2,'2024-12-16 09:11:02',100,11),(111,'testNullData','','2024-12-05 16:00:00','2024-12-06 16:00:00',2,'2024-12-16 09:11:02',100,11),(112,'testNullData','','2024-12-05 16:00:00','2024-12-06 16:00:00',2,'2024-12-16 09:11:02',100,11),(113,'testNullData','','2024-12-05 16:00:00','2024-12-06 16:00:00',2,'2024-12-16 09:11:02',100,11),(114,'testNullData','','2024-12-05 16:00:00','2024-12-06 16:00:00',2,'2024-12-16 09:11:02',100,11),(115,'testNullData','','2024-12-05 16:00:00','2024-12-06 16:00:00',2,'2024-12-16 09:11:02',100,11),(116,'testNullData','','2024-12-05 16:00:00','2024-12-06 16:00:00',2,'2024-12-16 09:11:02',100,11),(117,'testNullData','','2024-12-05 16:00:00','2024-12-06 16:00:00',2,'2024-12-16 09:11:02',100,11),(118,'testNullData','','2024-12-05 16:00:00','2024-12-06 16:00:00',2,'2024-12-16 09:11:02',100,11),(119,'testNullData','','2024-12-05 16:00:00','2024-12-06 16:00:00',2,'2024-12-16 09:11:02',100,11),(120,'testNullData','','2024-12-05 16:00:00','2024-12-06 16:00:00',2,'2024-12-16 09:11:02',100,11);
/*!40000 ALTER TABLE `exams` ENABLE KEYS */;
UNLOCK TABLES;

--
-- Table structure for table `questions`
--

DROP TABLE IF EXISTS `questions`;
/*!40101 SET @saved_cs_client     = @@character_set_client */;
/*!50503 SET character_set_client = utf8mb4 */;
CREATE TABLE `questions` (
  `id` bigint NOT NULL AUTO_INCREMENT,
  `content` text COLLATE utf8mb4_general_ci NOT NULL,
  `type` enum('single','multiple','true_false','fill_blank') COLLATE utf8mb4_general_ci NOT NULL,
  `options` json DEFAULT NULL,
  `answer` text COLLATE utf8mb4_general_ci NOT NULL,
  `difficulty` enum('easy','medium','hard') COLLATE utf8mb4_general_ci NOT NULL,
  `category` varchar(50) COLLATE utf8mb4_general_ci DEFAULT NULL,
  `create_time` datetime DEFAULT CURRENT_TIMESTAMP,
  `creator_id` bigint NOT NULL,
  PRIMARY KEY (`id`),
  KEY `creator_id` (`creator_id`),
  CONSTRAINT `questions_ibfk_1` FOREIGN KEY (`creator_id`) REFERENCES `users` (`id`) ON DELETE CASCADE
) ENGINE=InnoDB AUTO_INCREMENT=139 DEFAULT CHARSET=utf8mb4 COLLATE=utf8mb4_general_ci;
/*!40101 SET character_set_client = @saved_cs_client */;

--
-- Dumping data for table `questions`
--

LOCK TABLES `questions` WRITE;
/*!40000 ALTER TABLE `questions` DISABLE KEYS */;
INSERT INTO `questions` VALUES (38,'栈的基本操作有哪些？','single','{\"A\": \"push, pop\", \"B\": \"enqueue, dequeue\", \"C\": \"add, remove\", \"D\": \"insert, delete\"}','A','easy','数据结构与算法','2024-12-15 20:44:58',2),(39,'在一个链表中，如何判断是否存在环？','single','{\"A\": \"使用双指针\", \"B\": \"遍历两次\", \"C\": \"使用栈\", \"D\": \"使用队列\"}','A','medium','数据结构与算法','2024-12-15 20:44:58',3),(40,'什么是哈希表中的冲突解决方法？','single','{\"A\": \"开放寻址\", \"B\": \"链式地址\", \"C\": \"双哈希\", \"D\": \"以上均是\"}','D','medium','数据结构与算法','2024-12-15 20:44:58',4),(41,'关系型数据库的ACID特性中，“一致性”指的是什么？','single','{\"A\": \"数据库中的数据必须保持一致\", \"B\": \"所有事务必须以原子操作完成\", \"C\": \"数据的读写操作要保证可靠\", \"D\": \"数据库的事务可以随时回滚\"}','A','medium','数据库原理','2024-12-15 20:44:58',5),(42,'什么是数据库中的外键？','single','{\"A\": \"数据表之间的关联\", \"B\": \"表中的主键\", \"C\": \"数据类型的约束\", \"D\": \"数据的唯一性约束\"}','A','easy','数据库原理','2024-12-15 20:44:58',6),(43,'描述SQL中的JOIN操作的种类','fill_blank',NULL,'内连接、外连接、交叉连接、自然连接','medium','数据库原理','2024-12-15 20:44:58',7),(44,'操作系统中，进程与线程的区别是什么？','single','{\"A\": \"进程是资源分配的最小单位，线程是CPU调度的最小单位\", \"B\": \"进程可以共享内存，线程不能共享\", \"C\": \"线程之间不会互相影响\", \"D\": \"进程无法并发执行\"}','A','medium','操作系统','2024-12-15 20:44:58',8),(45,'描述操作系统中的死锁预防方法','fill_blank',NULL,'资源分配时避免循环等待，或请求资源时进行超时控制','hard','操作系统','2024-12-15 20:44:58',9),(46,'在网络协议中，TCP协议的主要特点是什么？','single','{\"A\": \"无连接\", \"B\": \"可靠传输\", \"C\": \"不需要确认\", \"D\": \"数据传输速度快\"}','B','medium','计算机网络','2024-12-15 20:44:58',10),(47,'在OSI七层模型中，哪一层负责数据的路由选择？','single','{\"A\": \"网络层\", \"B\": \"传输层\", \"C\": \"数据链路层\", \"D\": \"应用层\"}','A','easy','计算机网络','2024-12-15 20:44:58',11),(48,'在计算机网络中，什么是IP地址的子网掩码？','fill_blank',NULL,'用于划分IP地址的网络部分和主机部分','medium','计算机网络','2024-12-15 20:44:58',2),(49,'在离散数学中，如何证明一个命题是正确的？','single','{\"A\": \"直接证明\", \"B\": \"反证法\", \"C\": \"归纳法\", \"D\": \"以上皆是\"}','D','medium','离散数学','2024-12-15 20:44:58',3),(50,'集合 A = {1, 2, 3} 和集合 B = {3, 4, 5} 的交集是什么？','single','{\"A\": \"{1, 2}\", \"B\": \"{3}\", \"C\": \"{3, 4}\", \"D\": \"{1, 2, 3, 4, 5}\"}','B','easy','离散数学','2024-12-15 20:44:58',4),(51,'人工智能中的启发式搜索是什么？','single','{\"A\": \"通过经验规则选择路径\", \"B\": \"使用深度优先搜索\", \"C\": \"使用广度优先搜索\", \"D\": \"对所有路径进行穷举\"}','A','medium','人工智能基础','2024-12-15 20:44:58',5),(52,'什么是决策树中的信息增益？','single','{\"A\": \"信息的不确定性减少\", \"B\": \"信息的传输速度\", \"C\": \"数据的均匀分布\", \"D\": \"计算机学习的速度\"}','A','medium','人工智能基础','2024-12-15 20:44:58',6),(53,'计算机图形学中，什么是光栅化？','single','{\"A\": \"将图形转换为像素\", \"B\": \"图形的颜色填充\", \"C\": \"3D物体的投影\", \"D\": \"创建纹理\"}','A','medium','计算机图形学','2024-12-15 20:44:58',7),(54,'计算机图形学中的纹理映射是指什么？','single','{\"A\": \"为3D模型表面添加图像\", \"B\": \"为图形添加光照效果\", \"C\": \"将纹理合成到背景\", \"D\": \"计算图形的体积\"}','A','medium','计算机图形学','2024-12-15 20:44:58',8),(55,'软件工程中，需求分析的主要任务是什么？','single','{\"A\": \"确定软件的功能需求\", \"B\": \"设计系统架构\", \"C\": \"编写代码\", \"D\": \"进行性能测试\"}','A','medium','软件工程','2024-12-15 20:44:58',9),(56,'敏捷开发中的迭代和增量的主要区别是什么？','single','{\"A\": \"迭代是指开发过程的重复进行，增量是指功能逐步交付\", \"B\": \"迭代和增量没有区别\", \"C\": \"迭代是指增量的开发，增量是指迭代的测试\", \"D\": \"迭代主要用于开发，增量用于测试\"}','A','medium','软件工程','2024-12-15 20:44:58',10),(57,'软件测试中的单元测试主要测试什么？','single','{\"A\": \"整个系统的功能\", \"B\": \"各个模块的功能\", \"C\": \"用户的需求\", \"D\": \"系统的性能\"}','B','easy','软件测试与质量保证','2024-12-15 20:44:58',11),(58,'描述软件测试中的回归测试的意义','fill_blank',NULL,'回归测试是确保软件修改后不影响原有功能的测试','medium','软件测试与质量保证','2024-12-15 20:44:58',2),(59,'在机器学习中，监督学习和无监督学习的主要区别是什么？','single','{\"A\": \"监督学习有标签数据，无监督学习没有标签数据\", \"B\": \"监督学习没有标签数据，无监督学习有标签数据\", \"C\": \"两者的学习算法完全相同\", \"D\": \"无监督学习适用于分类问题\"}','A','medium','机器学习','2024-12-15 20:44:58',3),(60,'描述支持向量机（SVM）的原理','fill_blank',NULL,'通过构建一个超平面来最大化两类数据点之间的间隔','hard','机器学习','2024-12-15 20:44:58',4),(61,'什么是大数据中的“4V”特征？','single','{\"A\": \"体积、速度、种类、价值\", \"B\": \"速度、验证、价值、可视化\", \"C\": \"体积、虚拟化、可视化、验证\", \"D\": \"验证、种类、价值、可扩展性\"}','A','medium','大数据分析','2024-12-15 20:45:16',5),(62,'大数据分析中，MapReduce是什么？','single','{\"A\": \"分布式计算模型\", \"B\": \"一种数据库查询语言\", \"C\": \"数据压缩算法\", \"D\": \"数据存储方式\"}','A','medium','大数据分析','2024-12-15 20:45:16',6),(63,'数字信号处理中的离散傅里叶变换（DFT）是用来做什么的？','single','{\"A\": \"信号的时域分析\", \"B\": \"信号的频域分析\", \"C\": \"信号的降噪处理\", \"D\": \"信号的压缩处理\"}','B','medium','数字信号处理','2024-12-15 20:45:16',7),(64,'数字信号处理中，滤波器的主要作用是什么？','single','{\"A\": \"去除信号中的噪声\", \"B\": \"增强信号的强度\", \"C\": \"信号的转换\", \"D\": \"信号的放大\"}','A','medium','数字信号处理','2024-12-15 20:45:16',8),(65,'面向对象编程中的“继承”是什么？','single','{\"A\": \"子类继承父类的属性和方法\", \"B\": \"父类继承子类的属性和方法\", \"C\": \"多个类共同继承同一个类\", \"D\": \"父类与子类互相继承\"}','A','medium','面向对象编程','2024-12-15 20:45:16',9),(66,'面向对象编程中的多态是什么？','single','{\"A\": \"同一操作作用于不同对象时表现出不同的行为\", \"B\": \"子类和父类的方法完全相同\", \"C\": \"类之间没有任何关联\", \"D\": \"对象的类型在运行时可以改变\"}','A','medium','面向对象编程','2024-12-15 20:45:16',10),(67,'在计算机视觉中，什么是边缘检测？','single','{\"A\": \"寻找图像中亮度变化最大的地方\", \"B\": \"将图像中的亮度均匀化\", \"C\": \"提取图像中的颜色信息\", \"D\": \"分析图像的形状特征\"}','A','medium','计算机视觉','2024-12-15 20:45:16',11),(68,'描述卷积神经网络（CNN）中的卷积层作用','fill_blank',NULL,'卷积层用于提取图像中的局部特征','hard','计算机视觉','2024-12-15 20:45:16',2),(69,'在编译原理中，什么是词法分析？','single','{\"A\": \"将源代码转换为词法单元\", \"B\": \"将源代码转换为中间代码\", \"C\": \"将源代码转换为机器代码\", \"D\": \"优化程序性能\"}','A','medium','编译原理','2024-12-15 20:45:16',3),(70,'编译过程中，语法分析的主要任务是什么？','single','{\"A\": \"检查程序语法是否符合语言规则\", \"B\": \"优化程序的执行效率\", \"C\": \"生成机器代码\", \"D\": \"将程序从高级语言转换为中间语言\"}','A','medium','编译原理','2024-12-15 20:45:16',4),(71,'互联网中的HTTP协议是做什么的？','single','{\"A\": \"用于客户端和服务器之间传输数据\", \"B\": \"用于加密传输数据\", \"C\": \"用于查询数据库\", \"D\": \"用于计算机之间的通信\"}','A','easy','互联网技术','2024-12-15 20:45:16',5),(72,'HTTP和HTTPS的区别是什么？','single','{\"A\": \"HTTPS具有加密和认证功能\", \"B\": \"HTTP更安全\", \"C\": \"HTTPS没有端口限制\", \"D\": \"HTTP支持更快速的数据传输\"}','A','medium','互联网技术','2024-12-15 20:45:16',6),(73,'嵌入式系统中的“实时性”指的是什么？','single','{\"A\": \"系统能够按时完成任务\", \"B\": \"系统能处理大量数据\", \"C\": \"系统能支持多任务并发\", \"D\": \"系统支持图形界面\"}','A','medium','嵌入式系统','2024-12-15 20:45:16',7),(74,'嵌入式系统中的微控制器是什么？','single','{\"A\": \"一个集成的处理器芯片\", \"B\": \"一个外部硬盘\", \"C\": \"一种操作系统\", \"D\": \"一种存储器\"}','A','easy','嵌入式系统','2024-12-15 20:45:16',8),(75,'数字电路中，什么是“与门”？','single','{\"A\": \"输出仅在所有输入为1时为1\", \"B\": \"输出在任意输入为1时为1\", \"C\": \"输出为输入的反转\", \"D\": \"输出与输入无关\"}','A','easy','数字电路与逻辑设计','2024-12-15 20:45:16',9),(76,'描述半加器的功能','fill_blank',NULL,'半加器用于两位二进制数的加法运算，输出和与进位','medium','数字电路与逻辑设计','2024-12-15 20:45:16',10),(77,'云计算中的“弹性”是什么意思？','single','{\"A\": \"根据需要自动扩展或收缩计算资源\", \"B\": \"云计算的安全性很高\", \"C\": \"云计算可以减少硬件成本\", \"D\": \"云计算仅用于存储数据\"}','A','medium','云计算与虚拟化技术','2024-12-15 20:45:16',11),(78,'虚拟化技术中的虚拟机监控器（Hypervisor）是做什么的？','single','{\"A\": \"管理虚拟机的创建、调度和资源分配\", \"B\": \"管理物理硬件的运行\", \"C\": \"加速硬盘的读取速度\", \"D\": \"管理网络连接\"}','A','medium','云计算与虚拟化技术','2024-12-15 20:45:16',2),(79,'网络安全中的防火墙作用是什么？','single','{\"A\": \"阻止非法的网络连接\", \"B\": \"提高网络速度\", \"C\": \"监控网络流量\", \"D\": \"管理用户权限\"}','A','easy','网络安全','2024-12-15 20:45:16',3),(80,'描述网络安全中的DDoS攻击','fill_blank',NULL,'分布式拒绝服务攻击，通过大量流量淹没目标服务器，导致其无法正常工作','hard','网络安全','2024-12-15 20:45:16',4),(81,'数据库索引的主要作用是什么？','single','{\"A\": \"提高查询速度\", \"B\": \"保证数据唯一性\", \"C\": \"保证数据一致性\", \"D\": \"节省存储空间\"}','A','easy','数据库优化与管理','2024-12-15 20:45:41',5),(82,'在数据库优化中，如何避免死锁？','single','{\"A\": \"合理设计事务的执行顺序\", \"B\": \"加快查询速度\", \"C\": \"增加数据库的缓存\", \"D\": \"使用更多的索引\"}','A','medium','数据库优化与管理','2024-12-15 20:45:41',6),(83,'HTML中，如何定义一个超链接？','single','{\"A\": \"<a href=\'>Link</a>\", \"B\": \"<link href=\'>Link</link>\", \"C\": \"<a>Link</a>\", \"D\": \"<url>Link</url>\"}','A','easy','Web开发技术','2024-12-15 20:45:41',7),(84,'在Web开发中，CSS中的“盒子模型”指的是什么？','single','{\"A\": \"元素的外边距、边框、内边距和内容区\", \"B\": \"页面的布局结构\", \"C\": \"网页的加载顺序\", \"D\": \"图片的显示效果\"}','A','medium','Web开发技术','2024-12-15 20:45:41',8),(85,'在移动应用开发中，什么是响应式设计？','single','{\"A\": \"根据设备屏幕大小调整页面布局\", \"B\": \"根据用户输入实时响应\", \"C\": \"优化应用程序的性能\", \"D\": \"增加用户界面的交互性\"}','A','medium','移动应用开发','2024-12-15 20:45:41',9),(86,'在移动应用开发中，如何提高应用的启动速度？','single','{\"A\": \"减少启动时的网络请求\", \"B\": \"优化图片的加载方式\", \"C\": \"减少启动时的计算逻辑\", \"D\": \"以上均是\"}','D','hard','移动应用开发','2024-12-15 20:45:41',10),(87,'项目管理中的甘特图是什么？','single','{\"A\": \"一种用于显示项目进度的图表\", \"B\": \"一种预算管理工具\", \"C\": \"用于测试软件的工具\", \"D\": \"一种团队协作工具\"}','A','easy','项目管理','2024-12-15 20:45:41',11),(88,'在项目管理中，什么是关键路径法？','single','{\"A\": \"确定项目中最长的任务路径\", \"B\": \"确定项目中最短的任务路径\", \"C\": \"确定团队的任务分配\", \"D\": \"确定项目的优先级\"}','A','medium','项目管理','2024-12-15 20:45:41',2),(89,'数据科学中，数据预处理的主要目的是？','single','{\"A\": \"清洗和格式化数据，使其适合分析\", \"B\": \"收集更多的数据\", \"C\": \"建立数据模型\", \"D\": \"可视化数据\"}','A','easy','数据科学','2024-12-15 20:45:41',3),(90,'在数据科学中，什么是特征工程？','single','{\"A\": \"从原始数据中提取、转换特征以提高模型性能\", \"B\": \"建立机器学习模型\", \"C\": \"清洗数据以去除噪声\", \"D\": \"创建数据的可视化图表\"}','A','medium','数据科学','2024-12-15 20:45:41',4),(91,'自然语言处理中，什么是词向量？','single','{\"A\": \"将单词映射为高维空间中的向量\", \"B\": \"对单词进行分词处理\", \"C\": \"将文本转换为数字\", \"D\": \"对单词进行分类\"}','A','medium','自然语言处理','2024-12-15 20:45:41',5),(92,'在自然语言处理中的“命名实体识别”是指什么？','single','{\"A\": \"识别文本中的专有名词和实体\", \"B\": \"对文本进行情感分析\", \"C\": \"将文本分割为词语\", \"D\": \"识别文本中的语法结构\"}','A','medium','自然语言处理','2024-12-15 20:45:41',6),(93,'区块链中的“去中心化”是什么意思？','single','{\"A\": \"没有中央权威控制，所有节点平等\", \"B\": \"由一个中央组织管理所有交易\", \"C\": \"交易由银行等第三方进行验证\", \"D\": \"所有节点必须相互信任\"}','A','medium','区块链技术','2024-12-15 20:45:41',7),(94,'区块链中的“共识机制”是什么？','single','{\"A\": \"所有节点对区块链状态的一致确认\", \"B\": \"通过单一节点进行验证\", \"C\": \"通过人工审核进行验证\", \"D\": \"所有交易都不需要确认\"}','A','hard','区块链技术','2024-12-15 20:45:41',8),(95,'分布式系统中的CAP定理是什么？','single','{\"A\": \"一致性、可用性、分区容忍性\", \"B\": \"一致性、可靠性、性能\", \"C\": \"缓存、数据一致性、性能\", \"D\": \"分布式、可靠性、性能\"}','A','medium','分布式系统','2024-12-15 20:45:41',9),(96,'分布式系统中的“分区容忍性”指的是什么？','single','{\"A\": \"系统能在网络分区的情况下继续工作\", \"B\": \"系统能保证一致性\", \"C\": \"系统能保证高可用性\", \"D\": \"系统能保证低延迟\"}','A','hard','分布式系统','2024-12-15 20:45:41',10),(97,'大数据分析中，什么是数据仓库？','single','{\"A\": \"用于存储和分析大规模数据的系统\", \"B\": \"用于实时处理数据的系统\", \"C\": \"用于数据传输的系统\", \"D\": \"用于数据采集的系统\"}','A','medium','大数据分析','2024-12-15 20:45:41',11),(98,'在大数据分析中，什么是数据湖？','single','{\"A\": \"存储原始数据的系统\", \"B\": \"用于数据清洗的系统\", \"C\": \"用于数据压缩的系统\", \"D\": \"用于存储和分析小规模数据的系统\"}','A','medium','大数据分析','2024-12-15 20:45:41',2),(99,'数字信号处理中的“卷积”是什么？','single','{\"A\": \"一种信号处理方法，用于提取特征\", \"B\": \"一种信号压缩方法\", \"C\": \"一种信号放大方法\", \"D\": \"一种信号加密方法\"}','A','medium','数字信号处理','2024-12-15 20:45:41',3),(100,'数字信号处理中，什么是傅里叶变换？','single','{\"A\": \"将信号从时域转换到频域\", \"B\": \"将信号从频域转换到时域\", \"C\": \"提高信号的带宽\", \"D\": \"降低信号的噪声\"}','A','hard','数字信号处理','2024-12-15 20:45:41',4),(101,'在面向对象编程中，什么是封装？','single','{\"A\": \"将数据和方法绑定在一起，限制外界访问\", \"B\": \"不同类之间的数据共享\", \"C\": \"子类继承父类的属性和方法\", \"D\": \"多个类实现相同接口\"}','A','easy','面向对象编程','2024-12-15 20:46:09',5),(102,'在面向对象编程中，什么是抽象类？','single','{\"A\": \"不能实例化的类\", \"B\": \"只能有一个方法的类\", \"C\": \"实现了所有接口的类\", \"D\": \"一个完全实现的类\"}','A','medium','面向对象编程','2024-12-15 20:46:09',6),(103,'计算机视觉中，Hough变换用于检测什么？','single','{\"A\": \"直线或曲线\", \"B\": \"面部特征\", \"C\": \"颜色变化\", \"D\": \"物体边缘\"}','A','medium','计算机视觉','2024-12-15 20:46:09',7),(104,'计算机视觉中的卷积神经网络（CNN）如何工作？','fill_blank',NULL,'CNN通过卷积层自动提取特征，并使用池化层减少计算量','hard','计算机视觉','2024-12-15 20:46:09',8),(105,'在编译原理中，什么是符号表？','single','{\"A\": \"存储程序中所有变量和函数信息的数据结构\", \"B\": \"存储代码行数的数据结构\", \"C\": \"存储执行结果的数据结构\", \"D\": \"存储内存地址的数据结构\"}','A','medium','编译原理','2024-12-15 20:46:09',9),(106,'编译过程中，优化阶段的主要目标是什么？','single','{\"A\": \"提高代码的执行效率\", \"B\": \"增加代码的可读性\", \"C\": \"确保代码的正确性\", \"D\": \"增加代码的安全性\"}','A','hard','编译原理','2024-12-15 20:46:09',10),(107,'在互联网中，DNS的作用是什么？','single','{\"A\": \"将域名转换为IP地址\", \"B\": \"加密网络通信\", \"C\": \"存储网页内容\", \"D\": \"管理网站流量\"}','A','easy','互联网技术','2024-12-15 20:46:09',11),(108,'HTTP协议的状态码“404”表示什么？','single','{\"A\": \"页面未找到\", \"B\": \"请求成功\", \"C\": \"服务器错误\", \"D\": \"禁止访问\"}','A','easy','互联网技术','2024-12-15 20:46:09',2),(109,'在嵌入式系统中，实时操作系统（RTOS）的主要特点是什么？','single','{\"A\": \"能够按时完成任务\", \"B\": \"提供多任务调度功能\", \"C\": \"不能与硬件直接交互\", \"D\": \"只支持简单的应用程序\"}','A','medium','嵌入式系统','2024-12-15 20:46:09',3),(110,'嵌入式系统中，如何保证系统的稳定性？','single','{\"A\": \"通过冗余设计和容错机制\", \"B\": \"增加内存容量\", \"C\": \"优化算法的复杂度\", \"D\": \"增加系统的处理能力\"}','A','hard','嵌入式系统','2024-12-15 20:46:09',4),(111,'数字电路中，什么是D触发器？','single','{\"A\": \"一种边沿触发的存储器\", \"B\": \"一种计数器\", \"C\": \"一种加法器\", \"D\": \"一种乘法器\"}','A','medium','数字电路与逻辑设计','2024-12-15 20:46:09',5),(112,'描述组合逻辑电路的特点','fill_blank',NULL,'组合逻辑电路的输出仅由当前输入决定，不涉及过去的状态','medium','数字电路与逻辑设计','2024-12-15 20:46:09',6),(113,'云计算中，SaaS（软件即服务）是什么？','single','{\"A\": \"通过互联网提供的软件服务\", \"B\": \"一种云存储服务\", \"C\": \"一种计算资源的提供方式\", \"D\": \"一种虚拟化技术\"}','A','easy','云计算与虚拟化技术','2024-12-15 20:46:09',7),(114,'在虚拟化环境中，虚拟机的作用是什么？','single','{\"A\": \"创建多个独立运行的虚拟操作系统\", \"B\": \"提高硬件性能\", \"C\": \"增加网络带宽\", \"D\": \"减少存储空间\"}','A','medium','云计算与虚拟化技术','2024-12-15 20:46:09',8),(115,'网络安全中，什么是防火墙的主要功能？','single','{\"A\": \"控制网络流量，保护网络免受外部攻击\", \"B\": \"提高网络传输速度\", \"C\": \"加密数据传输\", \"D\": \"确保数据的完整性\"}','A','easy','网络安全','2024-12-15 20:46:09',9),(116,'网络安全中，什么是钓鱼攻击？','single','{\"A\": \"通过伪装成可信网站窃取个人信息\", \"B\": \"通过病毒攻击破坏系统\", \"C\": \"通过攻击网络硬件进行入侵\", \"D\": \"通过物理入侵获取数据\"}','A','medium','网络安全','2024-12-15 20:46:09',10),(117,'在数据库优化中，如何设计高效的索引？','single','{\"A\": \"根据查询频率和数据分布创建索引\", \"B\": \"为每一列都创建索引\", \"C\": \"使用多个数据库表\", \"D\": \"减少数据冗余\"}','A','medium','数据库优化与管理','2024-12-15 20:46:09',11),(118,'SQL查询优化的常见方法有哪些？','fill_blank',NULL,'常见的方法包括优化查询语句、增加索引、减少子查询和嵌套查询','hard','数据库优化与管理','2024-12-15 20:46:09',2),(119,'CSS中，如何实现网页元素的响应式布局？','single','{\"A\": \"使用媒体查询\", \"B\": \"使用JavaScript控制\", \"C\": \"通过调整HTML标签\", \"D\": \"使用表格布局\"}','A','medium','Web开发技术','2024-12-15 20:46:09',3),(120,'在Web开发中，什么是AJAX？','single','{\"A\": \"一种异步加载数据的技术\", \"B\": \"一种HTML元素\", \"C\": \"一种编程语言\", \"D\": \"一种图形渲染技术\"}','A','medium','Web开发技术','2024-12-15 20:46:09',4),(121,'在移动应用开发中，如何优化应用的内存使用？','single','{\"A\": \"通过避免内存泄漏和合理使用内存\", \"B\": \"增加应用的缓存容量\", \"C\": \"使用更多的图像和视频\", \"D\": \"减少应用的功能\"}','A','medium','移动应用开发','2024-12-15 20:47:41',5),(122,'移动应用中的“回收站”设计应该如何实现？','single','{\"A\": \"使用数据存储临时保留删除的文件\", \"B\": \"使用云存储永久保存文件\", \"C\": \"不保存被删除的文件\", \"D\": \"直接删除所有文件\"}','A','hard','移动应用开发','2024-12-15 20:47:41',6),(123,'项目管理中，如何评估项目的风险？','single','{\"A\": \"通过风险矩阵评估风险的概率和影响\", \"B\": \"通过项目成员的意见\", \"C\": \"通过项目的预算\", \"D\": \"通过项目的时间进度\"}','A','medium','项目管理','2024-12-15 20:47:41',7),(124,'在项目管理中，如何进行进度控制？','single','{\"A\": \"定期检查项目进度并进行调整\", \"B\": \"确保项目按预算进行\", \"C\": \"按预定的时间框架不变\", \"D\": \"忽略外部环境的影响\"}','A','hard','项目管理','2024-12-15 20:47:41',8),(125,'数据科学中的“数据清洗”指的是什么？','single','{\"A\": \"清理和处理数据中的错误和不一致\", \"B\": \"从数据库中删除重复数据\", \"C\": \"分析数据的趋势\", \"D\": \"建立数据模型\"}','A','easy','数据科学','2024-12-15 20:47:41',9),(126,'在数据科学中，什么是监督学习？','single','{\"A\": \"使用带标签的数据进行训练\", \"B\": \"使用没有标签的数据进行训练\", \"C\": \"对数据进行聚类分析\", \"D\": \"对数据进行降维处理\"}','A','medium','数据科学','2024-12-15 20:47:41',10),(127,'在自然语言处理的文本分类中，TF-IDF的作用是什么？','single','{\"A\": \"衡量一个词对文档的重要性\", \"B\": \"将文本转化为向量\", \"C\": \"计算文本的长度\", \"D\": \"判断文本的情感倾向\"}','A','medium','自然语言处理','2024-12-15 20:47:41',11),(128,'自然语言处理中，什么是情感分析？','single','{\"A\": \"通过分析文本判断情感倾向\", \"B\": \"识别文本中的实体\", \"C\": \"将文本转化为语法树\", \"D\": \"分析文本的主题\"}','A','medium','自然语言处理','2024-12-15 20:47:41',2),(129,'区块链技术中的“智能合约”是什么？','single','{\"A\": \"自动执行和控制合约条款的代码\", \"B\": \"一种法律合约\", \"C\": \"一种加密算法\", \"D\": \"一种虚拟货币\"}','A','medium','区块链技术','2024-12-15 20:47:41',3),(130,'在区块链中，如何确保交易的不可篡改性？','single','{\"A\": \"通过哈希算法和共识机制\", \"B\": \"通过密钥加密\", \"C\": \"通过智能合约\", \"D\": \"通过防火墙\"}','A','hard','区块链技术','2024-12-15 20:47:41',4),(131,'分布式系统中，如何保证系统的高可用性？','single','{\"A\": \"通过冗余设计和故障转移机制\", \"B\": \"通过增加节点数\", \"C\": \"通过优化算法\", \"D\": \"通过减少网络延迟\"}','A','medium','分布式系统','2024-12-15 20:47:41',5),(132,'分布式系统中的“分布式一致性”指的是什么？','single','{\"A\": \"保证系统中各个节点的数据一致性\", \"B\": \"通过分布式算法提高性能\", \"C\": \"确保系统的可扩展性\", \"D\": \"通过数据库备份保障数据安全\"}','A','hard','分布式系统','2024-12-15 20:47:41',6),(133,'大数据分析中，什么是MapReduce？','single','{\"A\": \"一种分布式计算模型\", \"B\": \"一种数据存储技术\", \"C\": \"一种数据查询语言\", \"D\": \"一种压缩数据的方法\"}','A','medium','大数据分析','2024-12-15 20:47:42',7),(134,'在大数据分析中，如何提高数据处理的效率？','single','{\"A\": \"通过并行计算和分布式存储\", \"B\": \"通过减少数据的存储量\", \"C\": \"通过使用更强大的计算机\", \"D\": \"通过增加数据的冗余性\"}','A','hard','大数据分析','2024-12-15 20:47:42',8),(135,'数字信号处理中的“采样定理”指的是什么？','single','{\"A\": \"信号的采样频率应至少为信号带宽的两倍\", \"B\": \"信号的采样频率应与信号带宽相等\", \"C\": \"信号的采样频率应远高于信号带宽\", \"D\": \"采样频率不重要\"}','A','hard','数字信号处理','2024-12-15 20:47:42',9),(136,'数字信号处理中的“低通滤波器”用于什么？','single','{\"A\": \"去除信号中的高频噪声\", \"B\": \"放大信号中的低频成分\", \"C\": \"增强信号的幅度\", \"D\": \"转换信号的频率\"}','A','medium','数字信号处理','2024-12-15 20:47:42',10),(137,'面向对象编程中，什么是多态？','single','{\"A\": \"同一操作作用于不同类型的对象\", \"B\": \"一个类继承另一个类\", \"C\": \"类和对象的封装\", \"D\": \"不同对象具有相同的接口\"}','A','medium','面向对象编程','2024-12-15 20:47:42',11),(138,'在面向对象编程中，什么是继承？','single','{\"A\": \"一个类继承另一个类的属性和方法\", \"B\": \"多个类实现相同接口\", \"C\": \"类和对象的封装\", \"D\": \"方法的重载\"}','A','easy','面向对象编程','2024-12-15 20:47:42',2);
/*!40000 ALTER TABLE `questions` ENABLE KEYS */;
UNLOCK TABLES;

--
-- Table structure for table `users`
--

DROP TABLE IF EXISTS `users`;
/*!40101 SET @saved_cs_client     = @@character_set_client */;
/*!50503 SET character_set_client = utf8mb4 */;
CREATE TABLE `users` (
  `id` bigint NOT NULL AUTO_INCREMENT,
  `username` varchar(50) COLLATE utf8mb4_general_ci NOT NULL,
  `password` varchar(255) COLLATE utf8mb4_general_ci NOT NULL,
  `role` enum('admin','teacher','student') COLLATE utf8mb4_general_ci NOT NULL,
  `email` varchar(100) COLLATE utf8mb4_general_ci DEFAULT NULL,
  `create_time` datetime DEFAULT CURRENT_TIMESTAMP,
  PRIMARY KEY (`id`),
  UNIQUE KEY `username` (`username`),
  UNIQUE KEY `email` (`email`)
) ENGINE=InnoDB AUTO_INCREMENT=62 DEFAULT CHARSET=utf8mb4 COLLATE=utf8mb4_general_ci;
/*!40101 SET character_set_client = @saved_cs_client */;

--
-- Dumping data for table `users`
--

LOCK TABLES `users` WRITE;
/*!40000 ALTER TABLE `users` DISABLE KEYS */;
INSERT INTO `users` VALUES (1,'admin','test','admin','admin@example.com','2024-12-15 20:27:01'),(2,'teacher1','test','teacher','teacher1@example.com','2024-12-15 20:27:01'),(3,'teacher2','test','teacher','teacher2@example.com','2024-12-15 20:27:01'),(4,'teacher3','test','teacher','teacher3@example.com','2024-12-15 20:27:01'),(5,'teacher4','test','teacher','teacher4@example.com','2024-12-15 20:27:01'),(6,'teacher5','test','teacher','teacher5@example.com','2024-12-15 20:27:01'),(7,'teacher6','test','teacher','teacher6@example.com','2024-12-15 20:27:01'),(8,'teacher7','test','teacher','teacher7@example.com','2024-12-15 20:27:01'),(9,'teacher8','test','teacher','teacher8@example.com','2024-12-15 20:27:01'),(10,'teacher9','test','teacher','teacher9@example.com','2024-12-15 20:27:01'),(11,'teacher10','test','teacher','teacher10@example.com','2024-12-15 20:27:01'),(12,'student1','test','student','student1@example.com','2024-12-15 20:27:01'),(13,'student2','test','student','student2@example.com','2024-12-15 20:27:01'),(14,'student3','test','student','student3@example.com','2024-12-15 20:27:01'),(15,'student4','test','student','student4@example.com','2024-12-15 20:27:01'),(16,'student5','test','student','student5@example.com','2024-12-15 20:27:01'),(17,'student6','test','student','student6@example.com','2024-12-15 20:27:01'),(18,'student7','test','student','student7@example.com','2024-12-15 20:27:01'),(19,'student8','test','student','student8@example.com','2024-12-15 20:27:01'),(20,'student9','test','student','student9@example.com','2024-12-15 20:27:01'),(21,'student10','test','student','student10@example.com','2024-12-15 20:27:01'),(22,'student11','test','student','student11@example.com','2024-12-15 20:27:01'),(23,'student12','test','student','student12@example.com','2024-12-15 20:27:01'),(24,'student13','test','student','student13@example.com','2024-12-15 20:27:01'),(25,'student14','test','student','student14@example.com','2024-12-15 20:27:01'),(26,'student15','test','student','student15@example.com','2024-12-15 20:27:01'),(27,'student16','test','student','student16@example.com','2024-12-15 20:27:01'),(28,'student17','test','student','student17@example.com','2024-12-15 20:27:01'),(29,'student18','test','student','student18@example.com','2024-12-15 20:27:01'),(30,'student19','test','student','student19@example.com','2024-12-15 20:27:01'),(31,'student20','test','student','student20@example.com','2024-12-15 20:27:01'),(32,'student21','test','student','student21@example.com','2024-12-15 20:27:01'),(33,'student22','test','student','student22@example.com','2024-12-15 20:27:01'),(34,'student23','test','student','student23@example.com','2024-12-15 20:27:01'),(35,'student24','test','student','student24@example.com','2024-12-15 20:27:01'),(36,'student25','test','student','student25@example.com','2024-12-15 20:27:01'),(37,'student26','test','student','student26@example.com','2024-12-15 20:27:01'),(38,'student27','test','student','student27@example.com','2024-12-15 20:27:01'),(39,'student28','test','student','student28@example.com','2024-12-15 20:27:01'),(40,'student29','test','student','student29@example.com','2024-12-15 20:27:01'),(41,'student30','test','student','student30@example.com','2024-12-15 20:27:01'),(42,'student31','test','student','student31@example.com','2024-12-15 20:27:01'),(43,'student32','test','student','student32@example.com','2024-12-15 20:27:01'),(44,'student33','test','student','student33@example.com','2024-12-15 20:27:01'),(45,'student34','test','student','student34@example.com','2024-12-15 20:27:01'),(46,'student35','test','student','student35@example.com','2024-12-15 20:27:01'),(47,'student36','test','student','student36@example.com','2024-12-15 20:27:01'),(48,'student37','test','student','student37@example.com','2024-12-15 20:27:01'),(49,'student38','test','student','student38@example.com','2024-12-15 20:27:01'),(50,'student39','test','student','student39@example.com','2024-12-15 20:27:01'),(51,'student40','test','student','student40@example.com','2024-12-15 20:27:01'),(52,'student41','test','student','student41@example.com','2024-12-15 20:27:01'),(53,'student42','test','student','student42@example.com','2024-12-15 20:27:01'),(54,'student43','test','student','student43@example.com','2024-12-15 20:27:01'),(55,'student44','test','student','student44@example.com','2024-12-15 20:27:01'),(56,'student45','test','student','student45@example.com','2024-12-15 20:27:01'),(57,'student46','test','student','student46@example.com','2024-12-15 20:27:01'),(58,'student47','test','student','student47@example.com','2024-12-15 20:27:01'),(59,'student48','test','student','student48@example.com','2024-12-15 20:27:01'),(60,'student49','test','student','student49@example.com','2024-12-15 20:27:01'),(61,'student50','test','student','student50@example.com','2024-12-15 20:27:01');
/*!40000 ALTER TABLE `users` ENABLE KEYS */;
UNLOCK TABLES;
/*!40103 SET TIME_ZONE=@OLD_TIME_ZONE */;

/*!40101 SET SQL_MODE=@OLD_SQL_MODE */;
/*!40014 SET FOREIGN_KEY_CHECKS=@OLD_FOREIGN_KEY_CHECKS */;
/*!40014 SET UNIQUE_CHECKS=@OLD_UNIQUE_CHECKS */;
/*!40101 SET CHARACTER_SET_CLIENT=@OLD_CHARACTER_SET_CLIENT */;
/*!40101 SET CHARACTER_SET_RESULTS=@OLD_CHARACTER_SET_RESULTS */;
/*!40101 SET COLLATION_CONNECTION=@OLD_COLLATION_CONNECTION */;
/*!40111 SET SQL_NOTES=@OLD_SQL_NOTES */;

-- Dump completed on 2024-12-23  1:25:03
